vid,variant_vcf,variant_annovar,chromosome,start_position,end_position,ref_annovar,alt_annovar,position,ref_vcf,alt_vcf,aloft_value,aloft_description,apc_conservation,apc_conservation_v2,apc_epigenetics_active,apc_epigenetics,apc_epigenetics_repressed,apc_epigenetics_transcription,apc_local_nucleotide_diversity,apc_local_nucleotide_diversity_v2,apc_local_nucleotide_diversity_v3,apc_mappability,apc_micro_rna,apc_mutation_density,apc_protein_function,apc_protein_function_v2,apc_protein_function_v3,apc_proximity_to_coding,apc_proximity_to_coding_v2,apc_proximity_to_tsstes,apc_transcription_factor,bravo_an,bravo_af,filter_status,cage_enhancer,cage_promoter,cage_tc,clnsig,clnsigincl,clndn,clndnincl,clnrevstat,origin,clndisdb,clndisdbincl,geneinfo,polyphen2_hdiv_score,polyphen2_hvar_score,mutation_taster_score,mutation_assessor_score,metasvm_pred,fathmm_xf,funseq_value,funseq_description,genecode_comprehensive_category,genecode_comprehensive_info,genecode_comprehensive_exonic_category,genecode_comprehensive_exonic_info,genehancer,af_total,af_asj_female,af_eas_female,af_afr_male,af_female,af_fin_male,af_oth_female,af_ami,af_oth,af_male,af_ami_female,af_afr,af_eas_male,af_sas,af_nfe_female,af_asj_male,af_raw,af_oth_male,af_nfe_male,af_asj,af_amr_male,af_amr_female,af_sas_female,af_fin,af_afr_female,af_sas_male,af_amr,af_nfe,af_eas,af_ami_male,af_fin_female,linsight,gc,cpg,min_dist_tss,min_dist_tse,sift_cat,sift_val,polyphen_cat,polyphen_val,priphcons,mamphcons,verphcons,priphylop,mamphylop,verphylop,bstatistic,chmm_e1,chmm_e2,chmm_e3,chmm_e4,chmm_e5,chmm_e6,chmm_e7,chmm_e8,chmm_e9,chmm_e10,chmm_e11,chmm_e12,chmm_e13,chmm_e14,chmm_e15,chmm_e16,chmm_e17,chmm_e18,chmm_e19,chmm_e20,chmm_e21,chmm_e22,chmm_e23,chmm_e24,chmm_e25,gerp_rs,gerp_rs_pval,gerp_n,gerp_s,encodeh3k4me1_sum,encodeh3k4me2_sum,encodeh3k4me3_sum,encodeh3k9ac_sum,encodeh3k9me3_sum,encodeh3k27ac_sum,encodeh3k27me3_sum,encodeh3k36me3_sum,encodeh3k79me2_sum,encodeh4k20me1_sum,encodeh2afz_sum,encode_dnase_sum,encodetotal_rna_sum,grantham,freq100bp,rare100bp,sngl100bp,freq1000bp,rare1000bp,sngl1000bp,freq10000bp,rare10000bp,sngl10000bp,remap_overlap_tf,remap_overlap_cl,cadd_rawscore,cadd_phred,k24_bismap,k24_umap,k36_bismap,k36_umap,k50_bismap,k50_umap,k100_bismap,k100_umap,nucdiv,rdhs,recombination_rate,refseq_category,refseq_info,refseq_exonic_category,refseq_exonic_info,super_enhancer,tg_afr,tg_all,tg_amr,tg_eas,tg_eur,tg_sas,ucsc_category,ucsc_info,ucsc_exonic_category,ucsc_exonic_info
2713824394,16-10001-T-A,16-10001-10001-T-A,16,10001,10001,T,A,10001,T,A,,,1.51507357792574,1.27530864119229,0.63888323806213,0.802290433212604,1.15820345923565,0.922272319062255,4.27663549686841,13.5738508741643,13.7683496225561,0.191008696452388,99.4511969671349,13.566813883615,20.2494432606199,0.000000000492793032804686,2.96948703027658,0.678560976936985,15.1785531453922,9.98640342198786,5.78709819326725,,,,,,,,,,,,,,,,,,,,,13.7805900852322,,noncoding,intergenic,"NONE(dist=NONE),MIR6859-4(dist=7051)",,,,,,,,,,,,,,,,,,,,,,,,,,,,,,,,,,,5.73013989926662,0.469,0.023,1555,3351,,,,,,,,,,,,7,1,2,4,4,0,0,0,0,0,0,0,0,1,0,6,0,1,21,0,0,0,0,1,0,,,0,0,0.60,3.77,3.86,1.75,6.06,1.53,0.62,2.92,0.73,1.61,0.31,0.23,,,0,1,0,0,1,36,0,3,156,2,2,0.347773,5.834,,,,0.0,0.02,0.02,0.01,0.01,,,,,,,,,,,,,,,intergenic,"NONE(dist=NONE),ENST00000513886.1(dist=1554)",,
2713824395,16-10001-T-C,16-10001-10001-T-C,16,10001,10001,T,C,10001,T,C,,,1.51507357792574,1.27530864119229,0.63888323806213,0.802290433212604,1.15820345923565,0.922272319062255,4.27663549686841,13.5738508741643,13.7683496225561,0.191008696452388,99.4511969671349,13.566813883615,20.2494432606199,0.000000000492793032804686,2.96948703027658,0.678560976936985,15.1785531453922,9.98640342198786,5.78709819326725,,,,,,,,,,,,,,,,,,,,,13.7805900852322,,noncoding,intergenic,"NONE(dist=NONE),MIR6859-4(dist=7051)",,,,,,,,,,,,,,,,,,,,,,,,,,,,,,,,,,,5.73013989926662,0.469,0.023,1555,3351,,,,,,,,,,,,7,1,2,4,4,0,0,0,0,0,0,0,0,1,0,6,0,1,21,0,0,0,0,1,0,,,0,0,0.60,3.77,3.86,1.75,6.06,1.53,0.62,2.92,0.73,1.61,0.31,0.23,,,0,1,0,0,1,36,0,3,156,2,2,0.392519,6.303,,,,0.0,0.02,0.02,0.01,0.01,,,,,,,,,,,,,,,intergenic,"NONE(dist=NONE),ENST00000513886.1(dist=1554)",,
2713824396,16-10001-T-G,16-10001-10001-T-G,16,10001,10001,T,G,10001,T,G,,,1.51507357792574,1.27530864119229,0.63888323806213,0.802290433212604,1.15820345923565,0.922272319062255,4.27663549686841,13.5738508741643,13.7683496225561,0.191008696452388,99.4511969671349,13.566813883615,20.2494432606199,0.000000000492793032804686,2.96948703027658,0.678560976936985,15.1785531453922,9.98640342198786,5.78709819326725,,,,,,,,,,,,,,,,,,,,,13.7805900852322,,noncoding,intergenic,"NONE(dist=NONE),MIR6859-4(dist=7051)",,,,,,,,,,,,,,,,,,,,,,,,,,,,,,,,,,,5.73013989926662,0.469,0.023,1555,3351,,,,,,,,,,,,7,1,2,4,4,0,0,0,0,0,0,0,0,1,0,6,0,1,21,0,0,0,0,1,0,,,0,0,0.60,3.77,3.86,1.75,6.06,1.53,0.62,2.92,0.73,1.61,0.31,0.23,,,0,1,0,0,1,36,0,3,156,2,2,0.368116,6.051,,,,0.0,0.02,0.02,0.01,0.01,,,,,,,,,,,,,,,intergenic,"NONE(dist=NONE),ENST00000513886.1(dist=1554)",,
8838079627,16-10001-T-TAA,16-10001-10001---AA,16,10001,10001,-,AA,10001,T,TAA,,,,,,,,,,,,,,,,,,,,,,,,,,,,,,,,,,,,,,,,,,,,,intergenic,"NONE(dist=NONE),MIR6859-4(dist=7051)",,,,,,,,,,,,,,,,,,,,,,,,,,,,,,,,,,,,0.469,0.023,1555,3351,,,,,,,,,,,,7,1,2,4,4,0,0,0,0,0,0,0,0,1,0,6,0,1,21,0,0,0,0,1,0,,,0,0,0.60,3.77,3.86,1.75,6.06,1.53,0.62,2.92,0.73,1.61,0.31,0.23,,,0,1,0,0,1,36,0,3,156,2,2,0.143947,3.335,,,,0.0,0.02,0.02,0.01,0.01,,,,,,,,,,,,,,,intergenic,"NONE(dist=NONE),ENST00000513886.1(dist=1554)",,
2713824397,16-10002-A-C,16-10002-10002-A-C,16,10002,10002,A,C,10002,A,C,,,1.51507357792574,1.27530864119229,0.63888323806213,0.800502752759759,1.15820345923565,0.922272319062255,4.27663549686841,13.5738508741643,13.7683496225561,0.204750326358837,99.4511969671349,13.566813883615,20.2494432606199,0.000000000492793032804686,2.96948703027658,0.678560976936985,15.1785531453922,9.98796787691774,5.78709819326725,,,,,,,,,,,,,,,,,,,,,13.7805900852322,,noncoding,intergenic,"NONE(dist=NONE),MIR6859-4(dist=7050)",,,,,,,,,,,,,,,,,,,,,,,,,,,,,,,,,,,5.73013989926662,0.466,0.023,1554,3350,,,,,,,,,,,,7,1,2,4,4,0,0,0,0,0,0,0,0,1,0,6,0,1,21,0,0,0,0,1,0,,,0,0,0.60,3.77,3.86,1.75,6.06,1.53,0.62,2.92,0.73,1.61,0.31,0.23,,,0,1,0,0,1,36,0,3,156,2,2,0.360359,5.969,,,,0.028,0.04,0.04,0.02,0.02,,EH38D2834181,,,,,,,,,,,,,intergenic,"NONE(dist=NONE),ENST00000513886.1(dist=1553)",,
2713824398,16-10002-A-G,16-10002-10002-A-G,16,10002,10002,A,G,10002,A,G,,,1.51507357792574,1.27530864119229,0.63888323806213,0.800502752759759,1.15820345923565,0.922272319062255,4.27663549686841,13.5738508741643,13.7683496225561,0.204750326358837,99.4511969671349,13.566813883615,20.2494432606199,0.000000000492793032804686,2.96948703027658,0.678560976936985,15.1785531453922,9.98796787691774,5.78709819326725,,,,,,,,,,,,,,,,,,,,,13.7805900852322,,noncoding,intergenic,"NONE(dist=NONE),MIR6859-4(dist=7050)",,,,,,,,,,,,,,,,,,,,,,,,,,,,,,,,,,,5.73013989926662,0.466,0.023,1554,3350,,,,,,,,,,,,7,1,2,4,4,0,0,0,0,0,0,0,0,1,0,6,0,1,21,0,0,0,0,1,0,,,0,0,0.60,3.77,3.86,1.75,6.06,1.53,0.62,2.92,0.73,1.61,0.31,0.23,,,0,1,0,0,1,36,0,3,156,2,2,0.383098,6.207,,,,0.028,0.04,0.04,0.02,0.02,,EH38D2834181,,,,,,,,,,,,,intergenic,"NONE(dist=NONE),ENST00000513886.1(dist=1553)",,
2713824399,16-10002-A-T,16-10002-10002-A-T,16,10002,10002,A,T,10002,A,T,,,1.51507357792574,1.27530864119229,0.63888323806213,0.800502752759759,1.15820345923565,0.922272319062255,4.27663549686841,13.5738508741643,13.7683496225561,0.204750326358837,99.4511969671349,13.566813883615,20.2494432606199,0.000000000492793032804686,2.96948703027658,0.678560976936985,15.1785531453922,9.98796787691774,5.78709819326725,,,,,,,,,,,,,,,,,,,,,13.7805900852322,,noncoding,intergenic,"NONE(dist=NONE),MIR6859-4(dist=7050)",,,,,,,,,,,,,,,,,,,,,,,,,,,,,,,,,,,5.73013989926662,0.466,0.023,1554,3350,,,,,,,,,,,,7,1,2,4,4,0,0,0,0,0,0,0,0,1,0,6,0,1,21,0,0,0,0,1,0,,,0,0,0.60,3.77,3.86,1.75,6.06,1.53,0.62,2.92,0.73,1.61,0.31,0.23,,,0,1,0,0,1,36,0,3,156,2,2,0.345462,5.809,,,,0.028,0.04,0.04,0.02,0.02,,EH38D2834181,,,,,,,,,,,,,intergenic,"NONE(dist=NONE),ENST00000513886.1(dist=1553)",,
2713824400,16-10003-A-C,16-10003-10003-A-C,16,10003,10003,A,C,10003,A,C,,,1.51507357792574,1.27530864119229,0.63888323806213,0.79871822974911,1.15820345923565,0.922272319062255,4.27663549686841,13.5738508741643,13.7683496225561,0.216954938808081,99.4511969671349,13.566813883615,20.2494432606199,0.000000000492793032804686,2.96948703027658,0.678560976936985,15.1785531453922,9.98953848518605,5.78709819326725,,,,,,,,,,,,,,,,,,,,,13.7805900852322,,noncoding,intergenic,"NONE(dist=NONE),MIR6859-4(dist=7049)",,,,,,,,,,,,,,,,,,,,,,,,,,,,,,,,,,,5.73013989926662,0.463,0.023,1553,3349,,,,,,,,,,,,7,1,2,4,4,0,0,0,0,0,0,0,0,1,0,6,0,1,21,0,0,0,0,1,0,,,0,0,0.60,3.77,3.86,1.75,6.06,1.50,0.62,2.92,0.73,1.61,0.31,0.23,,,0,1,0,0,1,36,0,3,156,2,2,0.359978,5.965,,,,0.056,0.06,0.06,0.03,0.03,,EH38D2834181,,,,,,,,,,,,,intergenic,"NONE(dist=NONE),ENST00000513886.1(dist=1552)",,
2713824401,16-10003-A-G,16-10003-10003-A-G,16,10003,10003,A,G,10003,A,G,,,1.51507357792574,1.27530864119229,0.63888323806213,0.79871822974911,1.15820345923565,0.922272319062255,4.27663549686841,13.5738508741643,13.7683496225561,0.216954938808081,99.4511969671349,13.566813883615,20.2494432606199,0.000000000492793032804686,2.96948703027658,0.678560976936985,15.1785531453922,9.98953848518605,5.78709819326725,,,,,,,,,,,,,,,,,,,,,13.7805900852322,,noncoding,intergenic,"NONE(dist=NONE),MIR6859-4(dist=7049)",,,,,,,,,,,,,,,,,,,,,,,,,,,,,,,,,,,5.73013989926662,0.463,0.023,1553,3349,,,,,,,,,,,,7,1,2,4,4,0,0,0,0,0,0,0,0,1,0,6,0,1,21,0,0,0,0,1,0,,,0,0,0.60,3.77,3.86,1.75,6.06,1.50,0.62,2.92,0.73,1.61,0.31,0.23,,,0,1,0,0,1,36,0,3,156,2,2,0.382717,6.203,,,,0.056,0.06,0.06,0.03,0.03,,EH38D2834181,,,,,,,,,,,,,intergenic,"NONE(dist=NONE),ENST00000513886.1(dist=1552)",,
2713824402,16-10003-A-T,16-10003-10003-A-T,16,10003,10003,A,T,10003,A,T,,,1.51507357792574,1.27530864119229,0.63888323806213,0.79871822974911,1.15820345923565,0.922272319062255,4.27663549686841,13.5738508741643,13.7683496225561,0.216954938808081,99.4511969671349,13.566813883615,20.2494432606199,0.000000000492793032804686,2.96948703027658,0.678560976936985,15.1785531453922,9.98953848518605,5.78709819326725,,,,,,,,,,,,,,,,,,,,,13.7805900852322,,noncoding,intergenic,"NONE(dist=NONE),MIR6859-4(dist=7049)",,,,,,,,,,,,,,,,,,,,,,,,,,,,,,,,,,,5.73013989926662,0.463,0.023,1553,3349,,,,,,,,,,,,7,1,2,4,4,0,0,0,0,0,0,0,0,1,0,6,0,1,21,0,0,0,0,1,0,,,0,0,0.60,3.77,3.86,1.75,6.06,1.50,0.62,2.92,0.73,1.61,0.31,0.23,,,0,1,0,0,1,36,0,3,156,2,2,0.345082,5.805,,,,0.056,0.06,0.06,0.03,0.03,,EH38D2834181,,,,,,,,,,,,,intergenic,"NONE(dist=NONE),ENST00000513886.1(dist=1552)",,
2713824403,16-10004-C-A,16-10004-10004-C-A,16,10004,10004,C,A,10004,C,A,,,1.51507357792574,1.27530864119229,0.63888323806213,0.796945030888065,1.15820345923565,0.922272319062255,4.27663549686841,13.5738508741643,13.7683496225561,0.230107972473302,99.4511969671349,13.566813883615,20.2494432606199,0.000000000492793032804686,2.96948703027658,0.678560976936985,15.1785531453922,9.99110681422773,5.78709819326725,,,,,,,,,,,,,,,,,,,,,13.7805900852322,,noncoding,intergenic,"NONE(dist=NONE),MIR6859-4(dist=7048)",,,,,,,,,,,,,,,,,,,,,,,,,,,,,,,,,,,5.73013989926662,0.46,0.023,1552,3348,,,,,,,,,,,,7,1,2,4,4,0,0,0,0,0,0,0,0,1,0,6,0,1,21,0,0,0,0,1,0,,,0,0,0.60,3.77,3.86,1.75,6.45,1.50,0.62,2.92,0.73,1.61,0.31,0.23,,,0,1,0,0,1,36,0,3,156,2,2,0.206177,4.143,,,,0.083,0.08,0.08,0.04,0.04,,EH38D2834181,,,,,,,,,,,,,intergenic,"NONE(dist=NONE),ENST00000513886.1(dist=1551)",,
2713824404,16-10004-C-G,16-10004-10004-C-G,16,10004,10004,C,G,10004,C,G,,,1.51507357792574,1.27530864119229,0.63888323806213,0.796945030888065,1.15820345923565,0.922272319062255,4.27663549686841,13.5738508741643,13.7683496225561,0.230107972473302,99.4511969671349,13.566813883615,20.2494432606199,0.000000000492793032804686,2.96948703027658,0.678560976936985,15.1785531453922,9.99110681422773,5.78709819326725,,,,,,,,,,,,,,,,,,,,,13.7805900852322,,noncoding,intergenic,"NONE(dist=NONE),MIR6859-4(dist=7048)",,,,,,,,,,,,,,,,,,,,,,,,,,,,,,,,,,,5.73013989926662,0.46,0.023,1552,3348,,,,,,,,,,,,7,1,2,4,4,0,0,0,0,0,0,0,0,1,0,6,0,1,21,0,0,0,0,1,0,,,0,0,0.60,3.77,3.86,1.75,6.45,1.50,0.62,2.92,0.73,1.61,0.31,0.23,,,0,1,0,0,1,36,0,3,156,2,2,0.227379,4.415,,,,0.083,0.08,0.08,0.04,0.04,,EH38D2834181,,,,,,,,,,,,,intergenic,"NONE(dist=NONE),ENST00000513886.1(dist=1551)",,
2713824405,16-10004-C-T,16-10004-10004-C-T,16,10004,10004,C,T,10004,C,T,,,1.51507357792574,1.27530864119229,0.63888323806213,0.796945030888065,1.15820345923565,0.922272319062255,4.27663549686841,13.5738508741643,13.7683496225561,0.230107972473302,99.4511969671349,13.566813883615,20.2494432606199,0.000000000492793032804686,2.96948703027658,0.678560976936985,15.1785531453922,9.99110681422773,5.78709819326725,,,,,,,,,,,,,,,,,,,,,13.7805900852322,,noncoding,intergenic,"NONE(dist=NONE),MIR6859-4(dist=7048)",,,,,,,,,,,,,,,,,,,,,,,,,,,,,,,,,,,5.73013989926662,0.46,0.023,1552,3348,,,,,,,,,,,,7,1,2,4,4,0,0,0,0,0,0,0,0,1,0,6,0,1,21,0,0,0,0,1,0,,,0,0,0.60,3.77,3.86,1.75,6.45,1.50,0.62,2.92,0.73,1.61,0.31,0.23,,,0,1,0,0,1,36,0,3,156,2,2,0.259738,4.819,,,,0.083,0.08,0.08,0.04,0.04,,EH38D2834181,,,,,,,,,,,,,intergenic,"NONE(dist=NONE),ENST00000513886.1(dist=1551)",,
2713824406,16-10005-C-A,16-10005-10005-C-A,16,10005,10005,C,A,10005,C,A,,,1.51507357792574,1.27530864119229,0.6815798027229,0.846789330701759,1.15820345923565,0.922272319062255,4.27663549686841,13.5738508741643,13.7683496225561,0.242607606371564,99.4511969671349,13.566813883615,20.2494432606199,0.000000000492793032804686,2.96948703027658,0.678560976936985,15.1785531453922,9.99267265474337,5.78709819326725,,,,,,,,,,,,,,,,,,,,,13.7805900852322,,noncoding,intergenic,"NONE(dist=NONE),MIR6859-4(dist=7047)",,,,,,,,,,,,,,,,,,,,,,,,,,,,,,,,,,,5.73013989926662,0.458,0.023,1551,3347,,,,,,,,,,,,7,1,2,4,4,0,0,0,0,0,0,0,0,1,0,6,0,1,21,0,0,0,0,1,0,,,0,0,0.60,4.44,3.86,1.75,6.45,2.70,0.62,2.92,0.73,1.61,0.31,0.23,,,0,1,0,0,1,36,0,3,156,2,2,0.207064,4.154,,,,0.111,0.1,0.1,0.05,0.05,,EH38D2834181,,,,,,,,,,,,,intergenic,"NONE(dist=NONE),ENST00000513886.1(dist=1550)",,
2713824407,16-10005-C-G,16-10005-10005-C-G,16,10005,10005,C,G,10005,C,G,,,1.51507357792574,1.27530864119229,0.6815798027229,0.846789330701759,1.15820345923565,0.922272319062255,4.27663549686841,13.5738508741643,13.7683496225561,0.242607606371564,99.4511969671349,13.566813883615,20.2494432606199,0.000000000492793032804686,2.96948703027658,0.678560976936985,15.1785531453922,9.99267265474337,5.78709819326725,,,,,,,,,,,,,,,,,,,,,13.7805900852322,,noncoding,intergenic,"NONE(dist=NONE),MIR6859-4(dist=7047)",,,,,,,,,,,,,,,,,,,,,,,,,,,,,,,,,,,5.73013989926662,0.458,0.023,1551,3347,,,,,,,,,,,,7,1,2,4,4,0,0,0,0,0,0,0,0,1,0,6,0,1,21,0,0,0,0,1,0,,,0,0,0.60,4.44,3.86,1.75,6.45,2.70,0.62,2.92,0.73,1.61,0.31,0.23,,,0,1,0,0,1,36,0,3,156,2,2,0.228266,4.426,,,,0.111,0.1,0.1,0.05,0.05,,EH38D2834181,,,,,,,,,,,,,intergenic,"NONE(dist=NONE),ENST00000513886.1(dist=1550)",,
2713824408,16-10005-C-T,16-10005-10005-C-T,16,10005,10005,C,T,10005,C,T,,,1.51507357792574,1.27530864119229,0.6815798027229,0.846789330701759,1.15820345923565,0.922272319062255,4.27663549686841,13.5738508741643,13.7683496225561,0.242607606371564,99.4511969671349,13.566813883615,20.2494432606199,0.000000000492793032804686,2.96948703027658,0.678560976936985,15.1785531453922,9.99267265474337,5.78709819326725,,,,,,,,,,,,,,,,,,,,,13.7805900852322,,noncoding,intergenic,"NONE(dist=NONE),MIR6859-4(dist=7047)",,,,,,,,,,,,,,,,,,,,,,,,,,,,,,,,,,,5.73013989926662,0.458,0.023,1551,3347,,,,,,,,,,,,7,1,2,4,4,0,0,0,0,0,0,0,0,1,0,6,0,1,21,0,0,0,0,1,0,,,0,0,0.60,4.44,3.86,1.75,6.45,2.70,0.62,2.92,0.73,1.61,0.31,0.23,,,0,1,0,0,1,36,0,3,156,2,2,0.260625,4.830,,,,0.111,0.1,0.1,0.05,0.05,,EH38D2834181,,,,,,,,,,,,,intergenic,"NONE(dist=NONE),ENST00000513886.1(dist=1550)",,
2713824409,16-10006-C-A,16-10006-10006-C-A,16,10006,10006,C,A,10006,C,A,,,1.51507357792574,1.27530864119229,0.995015396704135,1.17503854857975,1.15820345923565,0.922272319062255,4.27663549686841,13.5738508741643,13.7683496225561,0.257158645988003,99.4511969671349,13.566813883615,20.2494432606199,0.000000000492793032804686,2.96948703027658,0.678560976936985,15.1785531453922,9.99424845006171,5.78709819326725,,,,,,,,,,,,,,,,,,,,,13.7805900852322,,noncoding,intergenic,"NONE(dist=NONE),MIR6859-4(dist=7046)",,,,,,,,,,,,,,,,,,,,,,,,,,,,,,,,,,,5.73013989926662,0.455,0.023,1550,3346,,,,,,,,,,,,7,1,2,4,4,0,0,0,0,0,0,0,0,1,0,6,0,1,21,0,0,0,0,1,0,,,0,0,1.34,4.44,3.86,1.75,6.63,2.70,0.62,2.92,0.73,2.65,0.82,0.36,,,0,1,0,0,1,36,0,3,156,2,2,0.207616,4.161,,,,0.139,0.12,0.12,0.06,0.06,,EH38D2834181,,,,,,,,,,,,,intergenic,"NONE(dist=NONE),ENST00000513886.1(dist=1549)",,
2713824410,16-10006-C-G,16-10006-10006-C-G,16,10006,10006,C,G,10006,C,G,,,1.51507357792574,1.27530864119229,0.995015396704135,1.17503854857975,1.15820345923565,0.922272319062255,4.27663549686841,13.5738508741643,13.7683496225561,0.257158645988003,99.4511969671349,13.566813883615,20.2494432606199,0.000000000492793032804686,2.96948703027658,0.678560976936985,15.1785531453922,9.99424845006171,5.78709819326725,264690,0.000015112,SVM,,,,,,,,,,,,,,,,,,13.7805900852322,,noncoding,intergenic,"NONE(dist=NONE),MIR6859-4(dist=7046)",,,,0,0,0,0,0,0,0,0,0,0,0,0,0,0,0,0,0.0000154991,0,0,0,0,0,0,0,0,0,0,0,0,0,0,5.73013989926662,0.455,0.023,1550,3346,,,,,,,,,,,,7,1,2,4,4,0,0,0,0,0,0,0,0,1,0,6,0,1,21,0,0,0,0,1,0,,,0,0,1.34,4.44,3.86,1.75,6.63,2.70,0.62,2.92,0.73,2.65,0.82,0.36,,,0,1,0,0,1,36,0,3,156,2,2,0.228818,4.433,,,,0.139,0.12,0.12,0.06,0.06,,EH38D2834181,,,,,,,,,,,,,intergenic,"NONE(dist=NONE),ENST00000513886.1(dist=1549)",,
2713824411,16-10006-C-T,16-10006-10006-C-T,16,10006,10006,C,T,10006,C,T,,,1.51507357792574,1.27530864119229,0.995015396704135,1.17503854857975,1.15820345923565,0.922272319062255,4.27663549686841,13.5738508741643,13.7683496225561,0.257158645988003,99.4511969671349,13.566813883615,20.2494432606199,0.000000000492793032804686,2.96948703027658,0.678560976936985,15.1785531453922,9.99424845006171,5.78709819326725,,,,,,,,,,,,,,,,,,,,,13.7805900852322,,noncoding,intergenic,"NONE(dist=NONE),MIR6859-4(dist=7046)",,,,,,,,,,,,,,,,,,,,,,,,,,,,,,,,,,,5.73013989926662,0.455,0.023,1550,3346,,,,,,,,,,,,7,1,2,4,4,0,0,0,0,0,0,0,0,1,0,6,0,1,21,0,0,0,0,1,0,,,0,0,1.34,4.44,3.86,1.75,6.63,2.70,0.62,2.92,0.73,2.65,0.82,0.36,,,0,1,0,0,1,36,0,3,156,2,2,0.261177,4.837,,,,0.139,0.12,0.12,0.06,0.06,,EH38D2834181,,,,,,,,,,,,,intergenic,"NONE(dist=NONE),ENST00000513886.1(dist=1549)",,
8838079628,16-10006-CT-C,16-10007-10007-T--,16,10007,10007,T,-,10006,CT,C,,,,,,,,,,,,,,,,,,,,,,,,,,,,,,,,,,,,,,,,,,,,,intergenic,"NONE(dist=NONE),MIR6859-4(dist=7045)",,,,,,,,,,,,,,,,,,,,,,,,,,,,,,,,,,,,0.452,0.023,1549,3345,,,,,,,,,,,,7,1,2,4,4,0,0,0,0,0,0,0,0,1,0,6,0,1,21,0,0,0,0,1,0,,,0,0,1.34,4.44,3.86,1.75,6.63,2.70,0.62,2.92,0.73,2.65,0.82,0.36,,,0,1,0,0,1,36,0,3,156,2,2,0.098462,2.774,,,0.0,0.167,0.14,0.14,0.07,0.07,,EH38D2834181,,,,,,,,,,,,,intergenic,"NONE(dist=NONE),ENST00000513886.1(dist=1548)",,
2713824412,16-10007-T-A,16-10007-10007-T-A,16,10007,10007,T,A,10007,T,A,,,1.51507357792574,1.27530864119229,0.995015396704135,1.17173532998753,1.15820345923565,0.922272319062255,4.27663549686841,13.5738508741643,13.7683496225561,0.269755388134417,99.4511969671349,13.566813883615,20.2494432606199,0.000000000492793032804686,2.96948703027658,0.678560976936985,15.1785531453922,9.99582363578279,5.78709819326725,,,,,,,,,,,,,,,,,,,,,13.7805900852322,,noncoding,intergenic,"NONE(dist=NONE),MIR6859-4(dist=7045)",,,,,,,,,,,,,,,,,,,,,,,,,,,,,,,,,,,5.73013989926662,0.452,0.023,1549,3345,,,,,,,,,,,,7,1,2,4,4,0,0,0,0,0,0,0,0,1,0,6,0,1,21,0,0,0,0,1,0,,,0,0,1.34,4.44,3.86,1.75,6.63,2.70,0.62,2.92,0.73,2.65,0.82,0.36,,,0,1,0,0,1,36,0,3,156,2,2,0.347226,5.828,,,0.0,0.167,0.14,0.14,0.07,0.07,,EH38D2834181,,,,,,,,,,,,,intergenic,"NONE(dist=NONE),ENST00000513886.1(dist=1548)",,
2713824413,16-10007-T-C,16-10007-10007-T-C,16,10007,10007,T,C,10007,T,C,,,1.51507357792574,1.27530864119229,0.995015396704135,1.17173532998753,1.15820345923565,0.922272319062255,4.27663549686841,13.5738508741643,13.7683496225561,0.269755388134417,99.4511969671349,13.566813883615,20.2494432606199,0.000000000492793032804686,2.96948703027658,0.678560976936985,15.1785531453922,9.99582363578279,5.78709819326725,264690,0.0001889,SVM,,,,,,,,,,,,,,,,,,13.7805900852322,,noncoding,intergenic,"NONE(dist=NONE),MIR6859-4(dist=7045)",,,,0.000210659,0,0,0,0.000187617,0,0,0,0,0.000240154,0,0.000896057,0,0,0,0,0.000115615,0,0.000430293,0,0,0,0,0,0.00154799,0,0,0.000168919,0,0,0,5.73013989926662,0.452,0.023,1549,3345,,,,,,,,,,,,7,1,2,4,4,0,0,0,0,0,0,0,0,1,0,6,0,1,21,0,0,0,0,1,0,,,0,0,1.34,4.44,3.86,1.75,6.63,2.70,0.62,2.92,0.73,2.65,0.82,0.36,,,0,1,0,0,1,36,0,3,156,2,2,0.391973,6.298,,,0.0,0.167,0.14,0.14,0.07,0.07,,EH38D2834181,,,,,,,,,,,,,intergenic,"NONE(dist=NONE),ENST00000513886.1(dist=1548)",,
2713824414,16-10007-T-G,16-10007-10007-T-G,16,10007,10007,T,G,10007,T,G,,,1.51507357792574,1.27530864119229,0.995015396704135,1.17173532998753,1.15820345923565,0.922272319062255,4.27663549686841,13.5738508741643,13.7683496225561,0.269755388134417,99.4511969671349,13.566813883615,20.2494432606199,0.000000000492793032804686,2.96948703027658,0.678560976936985,15.1785531453922,9.99582363578279,5.78709819326725,,,,,,,,,,,,,,,,,,,,,13.7805900852322,,noncoding,intergenic,"NONE(dist=NONE),MIR6859-4(dist=7045)",,,,,,,,,,,,,,,,,,,,,,,,,,,,,,,,,,,5.73013989926662,0.452,0.023,1549,3345,,,,,,,,,,,,7,1,2,4,4,0,0,0,0,0,0,0,0,1,0,6,0,1,21,0,0,0,0,1,0,,,0,0,1.34,4.44,3.86,1.75,6.63,2.70,0.62,2.92,0.73,2.65,0.82,0.36,,,0,1,0,0,1,36,0,3,156,2,2,0.367570,6.045,,,0.0,0.167,0.14,0.14,0.07,0.07,,EH38D2834181,,,,,,,,,,,,,intergenic,"NONE(dist=NONE),ENST00000513886.1(dist=1548)",,
2713824415,16-10008-A-C,16-10008-10008-A-C,16,10008,10008,A,C,10008,A,C,,,1.51507357792574,1.27530864119229,0.995015396704135,1.16702733381771,1.15820345923565,0.922272319062255,4.27663549686841,13.5738508741643,13.7683496225561,0.286853957218593,99.4511969671349,13.566813883615,20.2494432606199,0.000000000492793032804686,2.96948703027658,0.678560976936985,15.1785531453922,9.99739080879762,5.78709819326725,264690,0.00391023,SVM,,,,,,,,,,,,,,,,,,13.7805900852322,,noncoding,intergenic,"NONE(dist=NONE),MIR6859-4(dist=7044)",,,,0,0,0,0,0,0,0,0,0,0,0,0,0,0,0,0,0.000049456,0,0,0,0,0,0,0,0,0,0,0,0,0,0,5.73013989926662,0.45,0.022,1548,3344,,,,,,,,,,,,7,1,2,4,4,0,0,0,0,0,0,0,0,1,0,6,0,1,21,0,0,0,0,1,0,,,0,0,1.34,4.44,3.86,1.75,6.63,2.70,0.62,2.92,0.73,2.65,0.82,0.36,,,0,1,0,0,1,36,0,3,156,2,2,0.359166,5.956,,,0.028,0.194,0.16,0.16,0.08,0.08,,EH38D2834181,,,,,,,,,,,,,intergenic,"NONE(dist=NONE),ENST00000513886.1(dist=1547)",,
2713824416,16-10008-A-G,16-10008-10008-A-G,16,10008,10008,A,G,10008,A,G,,,1.51507357792574,1.27530864119229,0.995015396704135,1.16702733381771,1.15820345923565,0.922272319062255,4.27663549686841,13.5738508741643,13.7683496225561,0.286853957218593,99.4511969671349,13.566813883615,20.2494432606199,0.000000000492793032804686,2.96948703027658,0.678560976936985,15.1785531453922,9.99739080879762,5.78709819326725,264690,0.000120896,SVM,,,,,,,,,,,,,,,,,,13.7805900852322,,noncoding,intergenic,"NONE(dist=NONE),MIR6859-4(dist=7044)",,,,,,,,,,,,,,,,,,,,,,,,,,,,,,,,,,,5.73013989926662,0.45,0.022,1548,3344,,,,,,,,,,,,7,1,2,4,4,0,0,0,0,0,0,0,0,1,0,6,0,1,21,0,0,0,0,1,0,,,0,0,1.34,4.44,3.86,1.75,6.63,2.70,0.62,2.92,0.73,2.65,0.82,0.36,,,0,1,0,0,1,36,0,3,156,2,2,0.381905,6.195,,,0.028,0.194,0.16,0.16,0.08,0.08,,EH38D2834181,,,,,,,,,,,,,intergenic,"NONE(dist=NONE),ENST00000513886.1(dist=1547)",,
2713824417,16-10008-A-T,16-10008-10008-A-T,16,10008,10008,A,T,10008,A,T,,,1.51507357792574,1.27530864119229,0.995015396704135,1.16702733381771,1.15820345923565,0.922272319062255,4.27663549686841,13.5738508741643,13.7683496225561,0.286853957218593,99.4511969671349,13.566813883615,20.2494432606199,0.000000000492793032804686,2.96948703027658,0.678560976936985,15.1785531453922,9.99739080879762,5.78709819326725,264690,0.000154898,SVM,,,,,,,,,,,,,,,,,,13.7805900852322,,noncoding,intergenic,"NONE(dist=NONE),MIR6859-4(dist=7044)",,,,0,0,0,0,0,0,0,0,0,0,0,0,0,0,0,0,0.000428619,0,0,0,0,0,0,0,0,0,0,0,0,0,0,5.73013989926662,0.45,0.022,1548,3344,,,,,,,,,,,,7,1,2,4,4,0,0,0,0,0,0,0,0,1,0,6,0,1,21,0,0,0,0,1,0,,,0,0,1.34,4.44,3.86,1.75,6.63,2.70,0.62,2.92,0.73,2.65,0.82,0.36,,,0,1,0,0,1,36,0,3,156,2,2,0.344269,5.796,,,0.028,0.194,0.16,0.16,0.08,0.08,,EH38D2834181,,,,,,,,,,,,,intergenic,"NONE(dist=NONE),ENST00000513886.1(dist=1547)",,
2713824418,16-10009-A-C,16-10009-10009-A-C,16,10009,10009,A,C,10009,A,C,,,1.51507357792574,1.27530864119229,0.995015396704135,1.16374806240365,1.15820345923565,0.922272319062255,4.27663549686841,13.5738508741643,13.7683496225561,0.318887686945775,99.4511969671349,13.566813883615,20.2494432606199,0.000000000492793032804686,2.96948703027658,0.678560976936985,15.1785531453922,9.99896401623393,5.78709819326725,264690,0.0000491141,SVM,,,,,,,,,,,,,,,,,,13.7805900852322,,noncoding,intergenic,"NONE(dist=NONE),MIR6859-4(dist=7043)",,,,0,0,0,0,0,0,0,0,0,0,0,0,0,0,0,0,0.0000524421,0,0,0,0,0,0,0,0,0,0,0,0,0,0,5.73013989926662,0.447,0.022,1547,3343,,,,,,,,,,,,7,1,2,4,4,0,0,0,0,0,0,0,0,1,0,6,0,1,21,0,0,0,0,1,0,,,0,0,1.34,4.44,3.86,1.75,7.30,2.70,0.62,2.92,0.73,2.65,0.82,0.36,,,0,1,0,0,1,36,0,3,156,2,2,0.357970,5.944,,,0.056,0.222,0.18,0.18,0.09,0.09,,EH38D2834181,,,,,,,,,,,,,intergenic,"NONE(dist=NONE),ENST00000513886.1(dist=1546)",,
2713824419,16-10009-A-G,16-10009-10009-A-G,16,10009,10009,A,G,10009,A,G,,,1.51507357792574,1.27530864119229,0.995015396704135,1.16374806240365,1.15820345923565,0.922272319062255,4.27663549686841,13.5738508741643,13.7683496225561,0.318887686945775,99.4511969671349,13.566813883615,20.2494432606199,0.000000000492793032804686,2.96948703027658,0.678560976936985,15.1785531453922,9.99896401623393,5.78709819326725,264690,0.00000755601,SVM,,,,,,,,,,,,,,,,,,13.7805900852322,,noncoding,intergenic,"NONE(dist=NONE),MIR6859-4(dist=7043)",,,,,,,,,,,,,,,,,,,,,,,,,,,,,,,,,,,5.73013989926662,0.447,0.022,1547,3343,,,,,,,,,,,,7,1,2,4,4,0,0,0,0,0,0,0,0,1,0,6,0,1,21,0,0,0,0,1,0,,,0,0,1.34,4.44,3.86,1.75,7.30,2.70,0.62,2.92,0.73,2.65,0.82,0.36,,,0,1,0,0,1,36,0,3,156,2,2,0.380708,6.182,,,0.056,0.222,0.18,0.18,0.09,0.09,,EH38D2834181,,,,,,,,,,,,,intergenic,"NONE(dist=NONE),ENST00000513886.1(dist=1546)",,
2713824420,16-10009-A-T,16-10009-10009-A-T,16,10009,10009,A,T,10009,A,T,,,1.51507357792574,1.27530864119229,0.995015396704135,1.16374806240365,1.15820345923565,0.922272319062255,4.27663549686841,13.5738508741643,13.7683496225561,0.318887686945775,99.4511969671349,13.566813883615,20.2494432606199,0.000000000492793032804686,2.96948703027658,0.678560976936985,15.1785531453922,9.99896401623393,5.78709819326725,264690,0.00001889,SVM,,,,,,,,,,,,,,,,,,13.7805900852322,,noncoding,intergenic,"NONE(dist=NONE),MIR6859-4(dist=7043)",,,,0,0,0,0,0,0,0,0,0,0,0,0,0,0,0,0,0.0000699227,0,0,0,0,0,0,0,0,0,0,0,0,0,0,5.73013989926662,0.447,0.022,1547,3343,,,,,,,,,,,,7,1,2,4,4,0,0,0,0,0,0,0,0,1,0,6,0,1,21,0,0,0,0,1,0,,,0,0,1.34,4.44,3.86,1.75,7.30,2.70,0.62,2.92,0.73,2.65,0.82,0.36,,,0,1,0,0,1,36,0,3,156,2,2,0.343073,5.783,,,0.056,0.222,0.18,0.18,0.09,0.09,,EH38D2834181,,,,,,,,,,,,,intergenic,"NONE(dist=NONE),ENST00000513886.1(dist=1546)",,
8838079629,16-10009-A-ACC,16-10009-10009---CC,16,10009,10009,-,CC,10009,A,ACC,,,,,,,,,,,,,,,,,,,,,,264690,0.000003778,SVM,,,,,,,,,,,,,,,,,,,,,intergenic,"NONE(dist=NONE),MIR6859-4(dist=7043)",,,,,,,,,,,,,,,,,,,,,,,,,,,,,,,,,,,,0.447,0.022,1547,3343,,,,,,,,,,,,7,1,2,4,4,0,0,0,0,0,0,0,0,1,0,6,0,1,21,0,0,0,0,1,0,,,0,0,1.34,4.44,3.86,1.75,7.30,2.70,0.62,2.92,0.73,2.65,0.82,0.36,,,0,1,0,0,1,36,0,3,156,2,2,0.141202,3.300,,,0.056,0.222,0.18,0.18,0.09,0.09,,EH38D2834181,,,,,,,,,,,,,intergenic,"NONE(dist=NONE),ENST00000513886.1(dist=1546)",,
2713824421,16-10010-C-A,16-10010-10010-C-A,16,10010,10010,C,A,10010,C,A,,,1.51507357792574,1.27530864119229,0.995015396704135,1.16048350149643,1.15820345923565,0.922272319062255,4.27663549686841,13.5738508741643,13.7683496225561,0.352980148010312,99.4511969671349,13.566813883615,20.2494432606199,0.000000000492793032804686,2.96948703027658,0.678560976936985,15.1785531453922,10.0005274586237,5.78709819326725,,,,,,,,,,,,,,,,,,,,,13.7805900852322,,noncoding,intergenic,"NONE(dist=NONE),MIR6859-4(dist=7042)",,,,,,,,,,,,,,,,,,,,,,,,,,,,,,,,,,,5.73013989926662,0.444,0.022,1546,3342,,,,,,,,,,,,7,1,2,4,4,0,0,0,0,0,0,0,0,1,0,6,0,1,21,0,0,0,0,1,0,,,0,0,1.34,4.44,3.86,1.75,7.30,2.70,0.62,2.92,0.73,2.65,0.82,0.36,,,0,1,0,0,1,36,0,3,156,2,2,0.204705,4.124,,,0.083,0.25,0.2,0.2,0.1,0.1,,EH38D2834181,,,,,,,,,,,,,intergenic,"NONE(dist=NONE),ENST00000513886.1(dist=1545)",,
2713824422,16-10010-C-G,16-10010-10010-C-G,16,10010,10010,C,G,10010,C,G,,,1.51507357792574,1.27530864119229,0.995015396704135,1.16048350149643,1.15820345923565,0.922272319062255,4.27663549686841,13.5738508741643,13.7683496225561,0.352980148010312,99.4511969671349,13.566813883615,20.2494432606199,0.000000000492793032804686,2.96948703027658,0.678560976936985,15.1785531453922,10.0005274586237,5.78709819326725,264690,0.000003778,SVM,,,,,,,,,,,,,,,,,,13.7805900852322,,noncoding,intergenic,"NONE(dist=NONE),MIR6859-4(dist=7042)",,,,,,,,,,,,,,,,,,,,,,,,,,,,,,,,,,,5.73013989926662,0.444,0.022,1546,3342,,,,,,,,,,,,7,1,2,4,4,0,0,0,0,0,0,0,0,1,0,6,0,1,21,0,0,0,0,1,0,,,0,0,1.34,4.44,3.86,1.75,7.30,2.70,0.62,2.92,0.73,2.65,0.82,0.36,,,0,1,0,0,1,36,0,3,156,2,2,0.225907,4.396,,,0.083,0.25,0.2,0.2,0.1,0.1,,EH38D2834181,,,,,,,,,,,,,intergenic,"NONE(dist=NONE),ENST00000513886.1(dist=1545)",,
2713824423,16-10010-C-T,16-10010-10010-C-T,16,10010,10010,C,T,10010,C,T,,,1.51507357792574,1.27530864119229,0.995015396704135,1.16048350149643,1.15820345923565,0.922272319062255,4.27663549686841,13.5738508741643,13.7683496225561,0.352980148010312,99.4511969671349,13.566813883615,20.2494432606199,0.000000000492793032804686,2.96948703027658,0.678560976936985,15.1785531453922,10.0005274586237,5.78709819326725,,,,,,,,,,,,,,,,,,,,,13.7805900852322,,noncoding,intergenic,"NONE(dist=NONE),MIR6859-4(dist=7042)",,,,,,,,,,,,,,,,,,,,,,,,,,,,,,,,,,,5.73013989926662,0.444,0.022,1546,3342,,,,,,,,,,,,7,1,2,4,4,0,0,0,0,0,0,0,0,1,0,6,0,1,21,0,0,0,0,1,0,,,0,0,1.34,4.44,3.86,1.75,7.30,2.70,0.62,2.92,0.73,2.65,0.82,0.36,,,0,1,0,0,1,36,0,3,156,2,2,0.258266,4.801,,,0.083,0.25,0.2,0.2,0.1,0.1,,EH38D2834181,,,,,,,,,,,,,intergenic,"NONE(dist=NONE),ENST00000513886.1(dist=1545)",,
2713824424,16-10011-C-A,16-10011-10011-C-A,16,10011,10011,C,A,10011,C,A,,,1.51507357792574,1.27530864119229,1.34326126179672,1.45998215692918,1.15820345923565,0.922272319062255,4.27663549686841,13.5738508741643,13.7683496225561,0.38779650851805,99.4511969671349,13.566813883615,20.2494432606199,0.000000000492793032804686,2.96948703027658,0.678560976936985,15.1785531453922,10.0020944666056,5.78709819326725,,,,,,,,,,,,,,,,,,,,,13.7805900852322,,noncoding,intergenic,"NONE(dist=NONE),MIR6859-4(dist=7041)",,,,,,,,,,,,,,,,,,,,,,,,,,,,,,,,,,,5.73013989926662,0.448,0.022,1545,3341,,,,,,,,,,,,7,1,2,4,4,0,0,0,0,0,0,0,0,1,0,6,0,1,21,0,0,0,0,1,0,,,0,0,1.34,4.44,3.86,1.75,7.30,2.70,0.62,2.92,0.73,2.65,1.34,0.36,,,0,1,0,0,1,36,0,3,156,2,2,0.208582,4.174,,,0.111,0.278,0.22,0.22,0.11,0.11,,EH38D2834181,,,,,,,,,,,,,intergenic,"NONE(dist=NONE),ENST00000513886.1(dist=1544)",,
2713824425,16-10011-C-G,16-10011-10011-C-G,16,10011,10011,C,G,10011,C,G,,,1.51507357792574,1.27530864119229,1.34326126179672,1.45998215692918,1.15820345923565,0.922272319062255,4.27663549686841,13.5738508741643,13.7683496225561,0.38779650851805,99.4511969671349,13.566813883615,20.2494432606199,0.000000000492793032804686,2.96948703027658,0.678560976936985,15.1785531453922,10.0020944666056,5.78709819326725,,,,,,,,,,,,,,,,,,,,,13.7805900852322,,noncoding,intergenic,"NONE(dist=NONE),MIR6859-4(dist=7041)",,,,,,,,,,,,,,,,,,,,,,,,,,,,,,,,,,,5.73013989926662,0.448,0.022,1545,3341,,,,,,,,,,,,7,1,2,4,4,0,0,0,0,0,0,0,0,1,0,6,0,1,21,0,0,0,0,1,0,,,0,0,1.34,4.44,3.86,1.75,7.30,2.70,0.62,2.92,0.73,2.65,1.34,0.36,,,0,1,0,0,1,36,0,3,156,2,2,0.229784,4.445,,,0.111,0.278,0.22,0.22,0.11,0.11,,EH38D2834181,,,,,,,,,,,,,intergenic,"NONE(dist=NONE),ENST00000513886.1(dist=1544)",,
2713824426,16-10011-C-T,16-10011-10011-C-T,16,10011,10011,C,T,10011,C,T,,,1.51507357792574,1.27530864119229,1.34326126179672,1.45998215692918,1.15820345923565,0.922272319062255,4.27663549686841,13.5738508741643,13.7683496225561,0.38779650851805,99.4511969671349,13.566813883615,20.2494432606199,0.000000000492793032804686,2.96948703027658,0.678560976936985,15.1785531453922,10.0020944666056,5.78709819326725,,,,,,,,,,,,,,,,,,,,,13.7805900852322,,noncoding,intergenic,"NONE(dist=NONE),MIR6859-4(dist=7041)",,,,,,,,,,,,,,,,,,,,,,,,,,,,,,,,,,,5.73013989926662,0.448,0.022,1545,3341,,,,,,,,,,,,7,1,2,4,4,0,0,0,0,0,0,0,0,1,0,6,0,1,21,0,0,0,0,1,0,,,0,0,1.34,4.44,3.86,1.75,7.30,2.70,0.62,2.92,0.73,2.65,1.34,0.36,,,0,1,0,0,1,36,0,3,156,2,2,0.262143,4.849,,,0.111,0.278,0.22,0.22,0.11,0.11,,EH38D2834181,,,,,,,,,,,,,intergenic,"NONE(dist=NONE),ENST00000513886.1(dist=1544)",,
2713824427,16-10012-C-A,16-10012-10012-C-A,16,10012,10012,C,A,10012,C,A,,,1.51507357792574,1.27530864119229,1.34326126179672,1.46597123362861,1.15820345923565,0.922272319062255,4.27663549686841,13.5738508741643,13.7683496225561,0.435276908460726,99.4511969671349,13.566813883615,20.2494432606199,0.000000000492793032804686,2.96948703027658,0.678560976936985,15.1785531453922,10.0036684913706,5.78709819326725,,,,,,,,,,,,,,,,,,,,,13.7805900852322,,noncoding,intergenic,"NONE(dist=NONE),MIR6859-4(dist=7040)",,,,,,,,,,,,,,,,,,,,,,,,,,,,,,,,,,,5.73013989926662,0.452,0.022,1544,3340,,,,,,,,,,,,7,1,2,4,4,0,0,0,0,0,0,0,0,1,0,6,0,1,21,0,0,0,0,1,0,,,0,0,1.34,4.44,3.86,1.75,7.74,2.70,0.62,2.92,0.73,2.65,1.34,0.36,,,0,1,0,0,1,36,0,3,156,2,2,0.208547,4.173,,,0.139,0.306,0.24,0.24,0.12,0.12,,EH38D2834181,,,,,,,,,,,,,intergenic,"NONE(dist=NONE),ENST00000513886.1(dist=1543)",,
2713824428,16-10012-C-G,16-10012-10012-C-G,16,10012,10012,C,G,10012,C,G,,,1.51507357792574,1.27530864119229,1.34326126179672,1.46597123362861,1.15820345923565,0.922272319062255,4.27663549686841,13.5738508741643,13.7683496225561,0.435276908460726,99.4511969671349,13.566813883615,20.2494432606199,0.000000000492793032804686,2.96948703027658,0.678560976936985,15.1785531453922,10.0036684913706,5.78709819326725,264690,0.000661151,SVM,,,,,,,,,,,,,,,,,,13.7805900852322,,noncoding,intergenic,"NONE(dist=NONE),MIR6859-4(dist=7040)",,,,,,,,,,,,,,,,,,,,,,,,,,,,,,,,,,,5.73013989926662,0.452,0.022,1544,3340,,,,,,,,,,,,7,1,2,4,4,0,0,0,0,0,0,0,0,1,0,6,0,1,21,0,0,0,0,1,0,,,0,0,1.34,4.44,3.86,1.75,7.74,2.70,0.62,2.92,0.73,2.65,1.34,0.36,,,0,1,0,0,1,36,0,3,156,2,2,0.229749,4.445,,,0.139,0.306,0.24,0.24,0.12,0.12,,EH38D2834181,,,,,,,,,,,,,intergenic,"NONE(dist=NONE),ENST00000513886.1(dist=1543)",,
2713824429,16-10012-C-T,16-10012-10012-C-T,16,10012,10012,C,T,10012,C,T,,,1.51507357792574,1.27530864119229,1.34326126179672,1.46597123362861,1.15820345923565,0.922272319062255,4.27663549686841,13.5738508741643,13.7683496225561,0.435276908460726,99.4511969671349,13.566813883615,20.2494432606199,0.000000000492793032804686,2.96948703027658,0.678560976936985,15.1785531453922,10.0036684913706,5.78709819326725,,,,,,,,,,,,,,,,,,,,,13.7805900852322,,noncoding,intergenic,"NONE(dist=NONE),MIR6859-4(dist=7040)",,,,,,,,,,,,,,,,,,,,,,,,,,,,,,,,,,,5.73013989926662,0.452,0.022,1544,3340,,,,,,,,,,,,7,1,2,4,4,0,0,0,0,0,0,0,0,1,0,6,0,1,21,0,0,0,0,1,0,,,0,0,1.34,4.44,3.86,1.75,7.74,2.70,0.62,2.92,0.73,2.65,1.34,0.36,,,0,1,0,0,1,36,0,3,156,2,2,0.262108,4.848,,,0.139,0.306,0.24,0.24,0.12,0.12,,EH38D2834181,,,,,,,,,,,,,intergenic,"NONE(dist=NONE),ENST00000513886.1(dist=1543)",,
8838079630,16-10012-CT-C,16-10013-10013-T--,16,10013,10013,T,-,10012,CT,C,,,,,,,,,,,,,,,,,,,,,,264690,0.000241792,SVM,,,,,,,,,,,,,,,,,,,,,intergenic,"NONE(dist=NONE),MIR6859-4(dist=7039)",,,,,,,,,,,,,,,,,,,,,,,,,,,,,,,,,,,,0.449,0.022,1543,3339,,,,,,,,,,,,7,1,2,4,4,0,0,0,0,0,0,0,0,1,0,6,0,1,21,0,0,0,0,1,0,,,0,0,1.34,4.44,3.86,1.75,7.74,2.70,1.65,2.92,0.73,2.65,1.34,0.36,,,0,1,0,0,1,36,0,3,156,2,2,0.095989,2.745,,0.0,0.167,0.333,0.26,0.26,0.13,0.13,,EH38D2834181,,,,,,,,,,,,,intergenic,"NONE(dist=NONE),ENST00000513886.1(dist=1542)",,
8838079631,16-10013-T-TAA,16-10013-10013---AA,16,10013,10013,-,AA,10013,T,TAA,,,,,,,,,,,,,,,,,,,,,,,,,,,,,,,,,,,,,,,,,,,,,intergenic,"NONE(dist=NONE),MIR6859-4(dist=7039)",,,,,,,,,,,,,,,,,,,,,,,,,,,,,,,,,,,,0.449,0.022,1543,3339,,,,,,,,,,,,7,1,2,4,4,0,0,0,0,0,0,0,0,1,0,6,0,1,21,0,0,0,0,1,0,,,0,0,1.34,4.44,3.86,1.75,7.74,2.70,1.65,2.92,0.73,2.65,1.34,0.36,,,0,1,0,0,1,36,0,3,156,2,2,0.140928,3.297,,0.0,0.167,0.333,0.26,0.26,0.13,0.13,,EH38D2834181,,,,,,,,,,,,,intergenic,"NONE(dist=NONE),ENST00000513886.1(dist=1542)",,
8838079632,16-10013-T-TAACCC,16-10013-10013---AACCC,16,10013,10013,-,AACCC,10013,T,TAACCC,,,,,,,,,,,,,,,,,,,,,,,,,,,,,,,,,,,,,,,,,,,,,intergenic,"NONE(dist=NONE),MIR6859-4(dist=7039)",,,,,,,,,,,,,,,,,,,,,,,,,,,,,,,,,,,,0.449,0.022,1543,3339,,,,,,,,,,,,7,1,2,4,4,0,0,0,0,0,0,0,0,1,0,6,0,1,21,0,0,0,0,1,0,,,0,0,1.34,4.44,3.86,1.75,7.74,2.70,1.65,2.92,0.73,2.65,1.34,0.36,,,0,1,0,0,1,36,0,3,156,2,2,0.129478,3.152,,0.0,0.167,0.333,0.26,0.26,0.13,0.13,,EH38D2834181,,,,,,,,,,,,,intergenic,"NONE(dist=NONE),ENST00000513886.1(dist=1542)",,
2713824430,16-10013-T-A,16-10013-10013-T-A,16,10013,10013,T,A,10013,T,A,,,1.51507357792574,1.27530864119229,1.34326126179672,1.62207689471738,1.93039134581005,0.922272319062255,4.27663549686841,13.5738508741643,13.7683496225561,0.465567066337947,99.4511969671349,13.566813883615,20.2494432606199,0.000000000492793032804686,2.96948703027658,0.678560976936985,15.1785531453922,10.0052620477773,5.78709819326725,,,,,,,,,,,,,,,,,,,,,13.7805900852322,,noncoding,intergenic,"NONE(dist=NONE),MIR6859-4(dist=7039)",,,,,,,,,,,,,,,,,,,,,,,,,,,,,,,,,,,5.73013989926662,0.449,0.022,1543,3339,,,,,,,,,,,,7,1,2,4,4,0,0,0,0,0,0,0,0,1,0,6,0,1,21,0,0,0,0,1,0,,,0,0,1.34,4.44,3.86,1.75,7.74,2.70,1.65,2.92,0.73,2.65,1.34,0.36,,,0,1,0,0,1,36,0,3,156,2,2,0.344754,5.801,,0.0,0.167,0.333,0.26,0.26,0.13,0.13,,EH38D2834181,,,,,,,,,,,,,intergenic,"NONE(dist=NONE),ENST00000513886.1(dist=1542)",,
2713824431,16-10013-T-C,16-10013-10013-T-C,16,10013,10013,T,C,10013,T,C,,,1.51507357792574,1.27530864119229,1.34326126179672,1.62207689471738,1.93039134581005,0.922272319062255,4.27663549686841,13.5738508741643,13.7683496225561,0.465567066337947,99.4511969671349,13.566813883615,20.2494432606199,0.000000000492793032804686,2.96948703027658,0.678560976936985,15.1785531453922,10.0052620477773,5.78709819326725,264690,0.00173033,SVM,,,,,,,,,,,,,,,,,,13.7805900852322,,noncoding,intergenic,"NONE(dist=NONE),MIR6859-4(dist=7039)",,,,,,,,,,,,,,,,,,,,,,,,,,,,,,,,,,,5.73013989926662,0.449,0.022,1543,3339,,,,,,,,,,,,7,1,2,4,4,0,0,0,0,0,0,0,0,1,0,6,0,1,21,0,0,0,0,1,0,,,0,0,1.34,4.44,3.86,1.75,7.74,2.70,1.65,2.92,0.73,2.65,1.34,0.36,,,0,1,0,0,1,36,0,3,156,2,2,0.389501,6.272,,0.0,0.167,0.333,0.26,0.26,0.13,0.13,,EH38D2834181,,,,,,,,,,,,,intergenic,"NONE(dist=NONE),ENST00000513886.1(dist=1542)",,
2713824432,16-10013-T-G,16-10013-10013-T-G,16,10013,10013,T,G,10013,T,G,,,1.51507357792574,1.27530864119229,1.34326126179672,1.62207689471738,1.93039134581005,0.922272319062255,4.27663549686841,13.5738508741643,13.7683496225561,0.465567066337947,99.4511969671349,13.566813883615,20.2494432606199,0.000000000492793032804686,2.96948703027658,0.678560976936985,15.1785531453922,10.0052620477773,5.78709819326725,,,,,,,,,,,,,,,,,,,,,13.7805900852322,,noncoding,intergenic,"NONE(dist=NONE),MIR6859-4(dist=7039)",,,,,,,,,,,,,,,,,,,,,,,,,,,,,,,,,,,5.73013989926662,0.449,0.022,1543,3339,,,,,,,,,,,,7,1,2,4,4,0,0,0,0,0,0,0,0,1,0,6,0,1,21,0,0,0,0,1,0,,,0,0,1.34,4.44,3.86,1.75,7.74,2.70,1.65,2.92,0.73,2.65,1.34,0.36,,,0,1,0,0,1,36,0,3,156,2,2,0.365097,6.019,,0.0,0.167,0.333,0.26,0.26,0.13,0.13,,EH38D2834181,,,,,,,,,,,,,intergenic,"NONE(dist=NONE),ENST00000513886.1(dist=1542)",,
2713824433,16-10014-A-C,16-10014-10014-A-C,16,10014,10014,A,C,10014,A,C,,,1.51507357792574,1.27530864119229,1.34326126179672,1.62880425897386,1.93039134581005,0.922272319062255,4.27663549686841,13.5738508741643,13.7683496225561,0.495541841868458,99.4511969671349,13.566813883615,20.2494432606199,0.000000000492793032804686,2.96948703027658,0.678560976936985,15.1785531453922,10.0068398420589,5.78709819326725,264690,0.00195323,SVM,,,,,,,,,,,,,,,,,,13.7805900852322,,noncoding,intergenic,"NONE(dist=NONE),MIR6859-4(dist=7038)",,,,0,0,0,0,0,0,0,0,0,0,0,0,0,0,0,0,0.000109118,0,0,0,0,0,0,0,0,0,0,0,0,0,0,5.73013989926662,0.453,0.022,1542,3338,,,,,,,,,,,,7,1,2,4,4,0,0,0,0,0,0,0,0,1,0,6,0,1,21,0,0,0,0,1,0,,,0,0,1.34,4.44,3.86,1.75,7.74,2.70,1.65,2.92,0.73,2.65,1.34,0.36,,,0,1,0,0,1,36,0,3,156,2,2,0.358176,5.946,,0.042,0.194,0.361,0.28,0.28,0.14,0.14,,EH38D2834181,,,,,,,,,,,,,intergenic,"NONE(dist=NONE),ENST00000513886.1(dist=1541)",,
2713824434,16-10014-A-G,16-10014-10014-A-G,16,10014,10014,A,G,10014,A,G,,,1.51507357792574,1.27530864119229,1.34326126179672,1.62880425897386,1.93039134581005,0.922272319062255,4.27663549686841,13.5738508741643,13.7683496225561,0.495541841868458,99.4511969671349,13.566813883615,20.2494432606199,0.000000000492793032804686,2.96948703027658,0.678560976936985,15.1785531453922,10.0068398420589,5.78709819326725,264690,0.000003778,SVM,,,,,,,,,,,,,,,,,,13.7805900852322,,noncoding,intergenic,"NONE(dist=NONE),MIR6859-4(dist=7038)",,,,,,,,,,,,,,,,,,,,,,,,,,,,,,,,,,,5.73013989926662,0.453,0.022,1542,3338,,,,,,,,,,,,7,1,2,4,4,0,0,0,0,0,0,0,0,1,0,6,0,1,21,0,0,0,0,1,0,,,0,0,1.34,4.44,3.86,1.75,7.74,2.70,1.65,2.92,0.73,2.65,1.34,0.36,,,0,1,0,0,1,36,0,3,156,2,2,0.380915,6.184,,0.042,0.194,0.361,0.28,0.28,0.14,0.14,,EH38D2834181,,,,,,,,,,,,,intergenic,"NONE(dist=NONE),ENST00000513886.1(dist=1541)",,
2713824435,16-10014-A-T,16-10014-10014-A-T,16,10014,10014,A,T,10014,A,T,,,1.51507357792574,1.27530864119229,1.34326126179672,1.62880425897386,1.93039134581005,0.922272319062255,4.27663549686841,13.5738508741643,13.7683496225561,0.495541841868458,99.4511969671349,13.566813883615,20.2494432606199,0.000000000492793032804686,2.96948703027658,0.678560976936985,15.1785531453922,10.0068398420589,5.78709819326725,264690,0.00000755601,SVM,,,,,,,,,,,,,,,,,,13.7805900852322,,noncoding,intergenic,"NONE(dist=NONE),MIR6859-4(dist=7038)",,,,,,,,,,,,,,,,,,,,,,,,,,,,,,,,,,,5.73013989926662,0.453,0.022,1542,3338,,,,,,,,,,,,7,1,2,4,4,0,0,0,0,0,0,0,0,1,0,6,0,1,21,0,0,0,0,1,0,,,0,0,1.34,4.44,3.86,1.75,7.74,2.70,1.65,2.92,0.73,2.65,1.34,0.36,,,0,1,0,0,1,36,0,3,156,2,2,0.343279,5.785,,0.042,0.194,0.361,0.28,0.28,0.14,0.14,,EH38D2834181,,,,,,,,,,,,,intergenic,"NONE(dist=NONE),ENST00000513886.1(dist=1541)",,
2713824436,16-10015-A-C,16-10015-10015-A-C,16,10015,10015,A,C,10015,A,C,,,1.51507357792574,1.27530864119229,1.34326126179672,1.62014141851733,1.93039134581005,0.922272319062255,4.27663549686841,13.5738508741643,13.7683496225561,0.511557310720404,99.4511969671349,13.566813883615,20.2494432606199,0.000000000492793032804686,2.96948703027658,0.678560976936985,15.1785531453922,10.0084148177065,5.78709819326725,264690,0.0000604481,SVM,,,,,,,,,,,,,,,,,,13.7805900852322,,noncoding,intergenic,"NONE(dist=NONE),MIR6859-4(dist=7037)",,,,,,,,,,,,,,,,,,,,,,,,,,,,,,,,,,,5.73013989926662,0.45,0.021,1541,3337,,,,,,,,,,,,7,1,2,4,4,0,0,0,0,0,0,0,0,1,0,6,0,1,21,0,0,0,0,1,0,,,0,0,1.34,4.44,3.86,1.75,7.74,2.62,1.65,2.92,0.73,2.55,1.34,0.36,,,0,1,0,0,1,36,0,3,156,2,2,0.356995,5.933,,0.083,0.222,0.389,0.3,0.3,0.15,0.15,,EH38D2834181,,,,,,,,,,,,,intergenic,"NONE(dist=NONE),ENST00000513886.1(dist=1540)",,
