SNP1,SNP2,Uniq_ID_1,Uniq_ID_2,R2,Dprime,+/-corr
10038,308433,10038:C:T,308433:C:T,0.5,1.0,+
10038,594354,10038:C:T,594354:G:A,0.25,1.0,+
10058,346911,10058:A:C,346911:G:A,0.25,1.0,+
10058,552461,10058:A:C,552461:G:A,0.5,1.0,+
10058,579087,10058:A:C,579087:C:T,1.0,1.0,+
10058,784715,10058:A:C,784715:G:C,0.5,1.0,+
10058,820546,10058:A:C,820546:A:G,0.5,1.0,+
10058,865014,10058:A:C,865014:CTTT:C,0.5,1.0,+
10150,274065,10150:C:T,274065:C:T,1.0,1.0,+
10150,338483,10150:C:T,338483:T:G,1.0,1.0,+
10150,636735,10150:C:T,636735:G:C,0.5,1.0,+
10150,644697,10150:C:T,644697:GT:G,1.0,1.0,+
10150,1003339,10150:C:T,1003339:A:G,1.0,1.0,+
10150,1010086,10150:C:T,1010086:G:A,1.0,1.0,+
10150,1010116,10150:C:T,1010116:A:G,1.0,1.0,+
10226,110182,10226:G:C,110182:T:C,0.333,1.0,+
10226,360020,10226:G:C,360020:G:GC,0.5,1.0,+
10226,372632,10226:G:C,372632:G:A,1.0,1.0,+
10226,791688,10226:G:C,791688:C:T,0.5,1.0,+
10256,83291,10256:T:C,83291:C:T,1.0,1.0,+
10256,128921,10256:T:C,128921:T:C,0.333,1.0,+
10256,242469,10256:T:C,242469:C:T,1.0,1.0,+
10256,323931,10256:T:C,323931:C:T,0.5,1.0,+
10256,561021,10256:T:C,561021:C:T,1.0,1.0,+
10256,573808,10256:T:C,573808:G:A,1.0,1.0,+
10256,630531,10256:T:C,630531:C:T,0.25,1.0,+
10256,653346,10256:T:C,653346:G:A,1.0,1.0,+
10386,87085,10386:T:A,87085:G:A,0.333,1.0,+
10386,584765,10386:T:A,584765:G:C,1.0,1.0,+
10386,748761,10386:T:A,748761:G:A,0.333,1.0,+
10386,786151,10386:T:A,786151:C:T,0.25,1.0,+
10386,888446,10386:T:A,888446:T:C,1.0,1.0,+
10424,369091,10424:T:G,369091:C:T,0.5,1.0,+
10424,724173,10424:T:G,724173:A:G,0.333,1.0,+
10424,872575,10424:T:G,872575:G:A,0.333,1.0,+
10556,116821,10556:T:C,116821:A:G,1.0,1.0,+
10556,705040,10556:T:C,705040:C:A,0.25,1.0,+
10639,422637,10639:G:A,422637:G:A,0.333,1.0,+
10639,732540,10639:G:A,732540:C:G,0.333,1.0,+
10825,82870,10825:T:G,82870:A:G,1.0,1.0,+
10856,202802,10856:G:C,202802:AAAC:A,1.0,1.0,+
10856,659705,10856:G:C,659705:G:A,1.0,1.0,+
10856,716722,10856:G:C,716722:G:A,0.333,1.0,+
10856,717773,10856:G:C,717773:G:A,1.0,1.0,+
10856,727985,10856:G:C,727985:G:T,1.0,1.0,+
10856,830362,10856:G:C,830362:C:T,1.0,1.0,+
10856,962278,10856:G:C,962278:C:T,1.0,1.0,+
11187,184274,11187:A:G,184274:T:C,0.5,1.0,+
11187,525023,11187:A:G,525023:TGA:T,0.333,1.0,+
